{
  "clientes": [
    {
      "nome": "Joao Pedro Gundim",
      "cpf": "03550313292",
      "dataNascimento": "2005-03-05",
      "sexo": "Masculino",
      "email": "joaopedrogundimg@gmail.com",
      "telefone": "69992087903",
      "nivel": "Intermediario",
      "logradouro": "Avenida Rio Branco",
      "numero": "1434",
      "complemento": "Jp Assessoria",
      "bairro": "Setor 2",
      "cidade": "Jaru",
      "estado": "RJ",
      "cep": "7689000",
      "id": "75dfjo"
    },
    {
      "nome": "Ana Lúcia Santos",
      "cpf": "00950313292",
      "dataNascimento": "2005-03-05",
      "sexo": "Feminino",
      "email": "ana.santos@example.com",
      "telefone": "",
      "nivel": "Intermediario",
      "logradouro": "Av. Brasil",
      "numero": "456",
      "complemento": "Jp Assessoria",
      "bairro": "Jardim América",
      "cidade": "Rio de Janeiro",
      "estado": "RJ",
      "cep": "22041001",
      "id": "pdkxgx"
    },
    {
      "nome": "Carlos Almeida",
      "cpf": "62162623332",
      "dataNascimento": "1999-08-06",
      "sexo": "Masculino",
      "email": "carlos.almeida@example.com",
      "telefone": "",
      "nivel": "Intermediario",
      "logradouro": "Rua das Flores",
      "numero": "123",
      "complemento": "Apto 101",
      "bairro": "Centro",
      "cidade": "São Paulo",
      "estado": "SP",
      "cep": "01001000",
      "id": "ukl1h1"
    },
    {
      "nome": "Krystal",
      "cpf": "03550313292",
      "dataNascimento": "2005-03-05",
      "sexo": "Feminino",
      "email": "jeiososasj@gmail.com",
      "telefone": "69992087903",
      "nivel": "Novato",
      "logradouro": "Avenida Rio Branco",
      "numero": "1434",
      "complemento": "Jp Assessoria",
      "bairro": "Setor 2",
      "cidade": "Jaru",
      "estado": "RO",
      "cep": "76890000",
      "id": "5bjomr"
    }
  ],
  "salas": [
    {
      "Numero": "0001",
      "Jogadores": 15,
      "Status": true,
      "Jogos": [
        {
          "id": "1",
          "NomeJogo": "O Mistério da Mansão Abandonada",
          "Dificuldade": "Médio",
          "Preco": 80.5,
          "Duracao": "60 minutos"
        },
        {
          "id": "8862",
          "NomeJogo": "Hora de aventura",
          "Dificuldade": "Fácil",
          "Preco": 100,
          "Duracao": "60 minutos"
        },
        {
          "id": "8bdb",
          "NomeJogo": "Divertidamente",
          "Dificuldade": "Fácil",
          "Preco": 60,
          "Duracao": "90 minutos"
        }
      ],
      "unidade_id": "sg4rb5",
      "id": "1"
    },
    {
      "id": "95076",
      "Numero": "26215",
      "Jogadores": 1,
      "Status": false,
      "Jogos": [
        {
          "id": 3,
          "NomeJogo": "O Segredo do Cofre"
        }
      ]
    },
    {
      "Numero": "123",
      "Jogadores": 20,
      "Status": true,
      "Jogos": [
        {
          "id": "1",
          "NomeJogo": "O Mistério da Mansão Abandonada"
        }
      ],
      "unidade_id": "eufbqe",
      "id": "983"
    },
    {
      "id": "77039",
      "Numero": "32343",
      "Jogadores": 30,
      "Status": true,
      "Jogos": [
        {
          "id": "8862",
          "NomeJogo": "Hora de aventura"
        }
      ]
    },
    {
      "id": "81417",
      "Numero": "61513",
      "Jogadores": 20,
      "Status": true,
      "Jogos": [
        {
          "id": "8bdb",
          "NomeJogo": "Divertidamente"
        }
      ],
      "unidade_id": "eufbqe"
    }
  ],
  "funcionarios": [
    {
      "nome": "João Pedro Gundim Guimarães",
      "cpf": "03550313292",
      "dataNascimento": "2602-06-06",
      "sexo": "Masculino",
      "email": "joaopedrogundimg@gmail.com",
      "telefone": "69992087903",
      "cargo": "Gerente",
      "salario": 11222,
      "salarioFormatado": "R$ 11.222,00",
      "dataContratacao": "8162-05-06",
      "turno": "Manhã",
      "status": true,
      "logradouro": "Afdvdsvd",
      "numero": "vdvds",
      "complemento": "vsdvds",
      "bairro": "vdsvds",
      "cidade": "vdvdvd",
      "estado": "RO",
      "cep": "",
      "id": "g18npn"
    },
    {
      "nome": "vfvfdb",
      "cpf": "03550313292",
      "dataNascimento": "1262-06-05",
      "sexo": "Feminino",
      "email": "joaopedrogundimgg@gmail.com",
      "telefone": "",
      "cargo": "Game Master",
      "salario": 26220,
      "salarioFormatado": "R$ 26.220,00",
      "dataContratacao": "6565-03-05",
      "turno": "Tarde",
      "status": false,
      "logradouro": "Afdvdsvd",
      "numero": "vdvds",
      "complemento": "vsdvds",
      "bairro": "vdsvds",
      "cidade": "vdvdvd",
      "estado": "PB",
      "cep": "",
      "id": "f1zsus"
    },
    {
      "nome": "Camila",
      "cpf": "03550313292",
      "dataNascimento": "2622-06-03",
      "sexo": "Feminino",
      "email": "camila@gmail.com",
      "telefone": "69992087903",
      "cargo": "Gerente",
      "salario": 12000,
      "salarioFormatado": "R$ 12.000,00",
      "dataContratacao": "2025-06-05",
      "turno": "Integral",
      "status": true,
      "logradouro": "Afdvdsvd",
      "numero": "vdvds",
      "complemento": "vsdvds",
      "bairro": "vdsvds",
      "cidade": "vdvdvd",
      "estado": "PR",
      "cep": "",
      "id": "a2lkrw"
    },
    {
      "nome": "Victor Daniel",
      "cpf": "03550313292",
      "dataNascimento": "2004-06-05",
      "sexo": "Masculino",
      "email": "vitor@gmail.com",
      "telefone": "",
      "cargo": "Caixa",
      "salario": 3234343,
      "salarioFormatado": "R$ 3.234.343,00",
      "dataContratacao": "2023-06-05",
      "turno": "Manhã",
      "status": true,
      "logradouro": "Afdvdsvd",
      "numero": "vdvds",
      "complemento": "vsdvds",
      "bairro": "vdsvds",
      "cidade": "vdvdvd",
      "estado": "PR",
      "cep": "",
      "id": "lk6m7q"
    },
    {
      "nome": "Joel",
      "cpf": "03550313292",
      "dataNascimento": "2005-03-05",
      "sexo": "Masculino",
      "email": "joel@gmail.com",
      "telefone": "",
      "cargo": "Game Master",
      "salario": 15000,
      "salarioFormatado": "R$ 15.000,00",
      "dataContratacao": "2055-06-05",
      "turno": "Tarde",
      "status": true,
      "logradouro": "Av. Brasil",
      "numero": "456",
      "complemento": "vsdvds",
      "bairro": "Jardim América",
      "cidade": "Jaru",
      "estado": "RO",
      "cep": "76890000",
      "id": "r3c2jd"
    },
    {
      "nome": "Gilberto",
      "cpf": "03550313292",
      "dataNascimento": "2025-06-27",
      "sexo": "Masculino",
      "email": "gilberto@gmail.com",
      "telefone": "",
      "cargo": "Gerente",
      "salario": 5000,
      "salarioFormatado": "R$ 5.000,00",
      "dataContratacao": "2006-02-05",
      "turno": "Manhã",
      "status": true,
      "logradouro": "Av. Brasil",
      "numero": "456",
      "complemento": "vsdvds",
      "bairro": "Jardim América",
      "cidade": "Jaru",
      "estado": "RO",
      "cep": "76890000",
      "id": "paw2mv"
    },
    {
      "nome": "Carlos Almeida",
      "cpf": "03550313292",
      "dataNascimento": "1995-02-07",
      "sexo": "Masculino",
      "email": "carlos.almeida@example.com",
      "telefone": "69998756200",
      "cargo": "Caixa",
      "salario": 1900,
      "salarioFormatado": "R$ 1.900,00",
      "dataContratacao": "2015-03-06",
      "turno": "Noite",
      "status": false,
      "logradouro": "Rua das Flores",
      "numero": "123",
      "complemento": "Apto 101",
      "bairro": "Centro",
      "cidade": "São Paulo",
      "estado": "SP",
      "cep": "01001000",
      "id": "jaa365"
    },
    {
      "nome": "Maria Clara",
      "cpf": "03550313292",
      "dataNascimento": "2006-01-02",
      "sexo": "Feminino",
      "email": "maria@gmail.com",
      "telefone": "69998231256",
      "cargo": "Caixa",
      "salario": 2500,
      "salarioFormatado": "R$ 2.500,00",
      "dataContratacao": "2024-05-06",
      "turno": "Integral",
      "status": true,
      "logradouro": "Rua das Flores",
      "numero": "0002",
      "complemento": "Açaí Point",
      "bairro": "Setor 2",
      "cidade": "Jaru",
      "estado": "RO",
      "cep": "768900",
      "id": "9uwcu0"
    }
  ],
  "jogos": [
    {
      "id": "1",
      "NomeJogo": "O Mistério da Mansão Abandonada",
      "Descricao": "Desvende os segredos de uma mansão mal-assombrada onde ninguém sai o mesmo.",
      "Duracao": "60 minutos",
      "Dificuldade": "Médio",
      "Preco": 80.5
    },
    {
      "id": "8862",
      "NomeJogo": "Hora de aventura",
      "Descricao": "kjbkjbklnklmlçoml",
      "Duracao": "60 minutos",
      "Dificuldade": "Fácil",
      "Preco": 100
    },
    {
      "id": "8bdb",
      "Id": "8dz9id",
      "NomeJogo": "Divertidamente",
      "Descricao": "AK D SKC SL CSL CS",
      "Duracao": "90 minutos",
      "Dificuldade": "Fácil",
      "Preco": 60
    }
  ],
  "unidades": [
    {
      "nome": "Claustromania Ji-Paraná",
      "cnpj": "12345678000195",
      "telefone": "69992087903",
      "status": true,
      "capacidade": "500",
      "diasFuncionamento": "Terça à Domingo",
      "horarioAbertura": "15:00",
      "horarioFechamento": "22:00",
      "endereco": {
        "logradouro": "Av. Brasil",
        "numero": "456",
        "complemento": "vsdvds",
        "bairro": "Jardim América",
        "cidade": "Rio de Janeiro",
        "estado": "RJ",
        "cep": "78900000"
      },
      "gerente_id": "a2lkrw",
      "id": "eufbqe"
    },
    {
      "nome": "Claustromania Jaru",
      "cnpj": "06262630303651",
      "telefone": "69992087903",
      "status": false,
      "capacidade": "500",
      "diasFuncionamento": "Terça à Domingo",
      "horarioAbertura": "15:00",
      "horarioFechamento": "22:00",
      "endereco": {
        "logradouro": "Av. Brasil",
        "numero": "456",
        "complemento": "vsdvds",
        "bairro": "Jardim América",
        "cidade": "Jaru",
        "estado": "RO",
        "cep": "76890000"
      },
      "foto": null,
      "id": "sg4rb5"
    },
    {
      "nome": "Claustromania Ouro Preto",
      "cnpj": "06262630303651",
      "telefone": "69992087903",
      "status": true,
      "capacidade": "500",
      "diasFuncionamento": "Terça à Domingo",
      "horarioAbertura": "08:00",
      "horarioFechamento": "20:00",
      "endereco": {
        "logradouro": "Av. Brasil",
        "numero": "456",
        "complemento": "vsdvds",
        "bairro": "Jardim América",
        "cidade": "Rio de Janeiro",
        "estado": "RJ",
        "cep": "22041001"
      },
      "foto": null,
      "id": "5s0r4d"
    }
  ],
  "caixas": [
    {
      "data_abertura": "2025-06-05T20:00",
      "valor_abertura": 1300,
      "data_fechamento": "2025-07-09T09:17",
      "valor_fechamento": 6000,
      "status": "aberto",
      "observacao": "csdvdsvdsdfcds",
      "funcionario_id": "a2lkrw",
      "id": "88e3"
    },
    {
      "id": "e33c",
      "data_abertura": "5525-02-12T15:59",
      "valor_abertura": 1300,
      "data_fechamento": "",
      "valor_fechamento": null,
      "status": "fechado",
      "observacao": "",
      "funcionario_id": "a2lkrw"
    },
    {
      "data_abertura": "4544-03-12T20:00",
      "valor_abertura": 1300,
      "data_fechamento": "4544-03-12T22:00",
      "valor_fechamento": 5000,
      "status": "aberto",
      "observacao": "jbjbjkmn km km ",
      "funcionario_id": "g18npn",
      "id": "e1cc"
    },
    {
      "data_abertura": "2025-07-09T12:00",
      "valor_abertura": 1300,
      "data_fechamento": null,
      "valor_fechamento": null,
      "status": "aberto",
      "observacao": "Abrindo caixa",
      "funcionario_id": "r3c2jd",
      "id": "0286"
    },
    {
      "id": "ea09",
      "data_abertura": "2024-07-09T09:12",
      "valor_abertura": 10000,
      "data_fechamento": "2024-07-09T20:00",
      "valor_fechamento": 10000,
      "status": "fechado",
      "observacao": "vsvdfda",
      "funcionario_id": "g18npn"
    }
  ],
  "reservas": [
    {
      "data_reserva": "2025-07-06",
      "hora_reserva": "00:00",
      "numero_jogadores": 2,
      "valor_total": 16.1,
      "status": "reservado",
      "jogo_id": "8862",
      "sala_id": "1",
      "cliente_id": "75dfjo",
      "observacoes": "KSNK SKCSK DSA",
      "unidade_id": "sg4rb5",
      "forma_pagamento": "pix",
      "id": "ecbc"
    },
    {
      "id": "42d6",
      "data_reserva": "2025-07-07",
      "hora_reserva": "12:03",
      "numero_jogadores": 1,
      "valor_total": 8.05,
      "status": "confirmado",
      "jogo_id": "8862",
      "jogo_nome": "Hora de aventura",
      "sala_id": "1",
      "cliente_id": "pdkxgx",
      "cliente_nome": "Ana Lúcia Santos",
      "observacoes": "",
      "forma_pagamento": "pix",
      "unidade_id": "sg4rb5"
    },
    {
      "data_reserva": "2025-07-09",
      "hora_reserva": "09:00",
      "numero_jogadores": 15,
      "valor_total": 1500,
      "status": "concluido",
      "jogo_id": "8862",
      "sala_id": "1",
      "cliente_id": "75dfjo",
      "observacoes": "",
      "unidade_id": "sg4rb5",
      "forma_pagamento": "pix",
      "id": "4604"
    },
    {
      "id": "1320",
      "data_reserva": "2025-07-09",
      "hora_reserva": "14:00",
      "numero_jogadores": 5,
      "valor_total": 402.5,
      "status": "reservado",
      "jogo_id": "1",
      "jogo_nome": "O Mistério da Mansão Abandonada",
      "sala_id": "1",
      "cliente_id": "pdkxgx",
      "cliente_nome": "Ana Lúcia Santos",
      "observacoes": "vsddvcs",
      "forma_pagamento": "dinheiro",
      "unidade_id": "sg4rb5"
    },
    {
      "id": "4574",
      "data_reserva": "2025-09-09",
      "hora_reserva": "09:25",
      "numero_jogadores": 4,
      "valor_total": 400,
      "status": "reservado",
      "jogo_id": "8862",
      "jogo_nome": "Hora de aventura",
      "sala_id": "1",
      "cliente_id": "pdkxgx",
      "cliente_nome": "Ana Lúcia Santos",
      "observacoes": "vdcsdvd",
      "forma_pagamento": "pix",
      "unidade_id": "sg4rb5"
    },
    {
      "data_reserva": "2025-07-09",
      "hora_reserva": "10:05",
      "numero_jogadores": 4,
      "valor_total": 240,
      "status": "cancelado",
      "jogo_id": "8bdb",
      "sala_id": "1",
      "cliente_id": "pdkxgx",
      "observacoes": "",
      "unidade_id": "sg4rb5",
      "forma_pagamento": "pix",
      "id": "3846"
    }
  ],
  "transacoes": [
    {
      "id": "8c3b",
      "reserva_id": "ecbc",
      "cliente_nome": "Joao Pedro Gundim",
      "forma_pagamento": "pix",
      "valor": 16.1,
      "caixa_id": "88e3",
      "pagador": "dvfsv",
      "valor_recebido": null,
      "troco": 0,
      "data": "2025-07-03T14:58:25.494Z"
    },
    {
      "id": "f5e0",
      "reserva_id": "ecbc",
      "cliente_nome": "Joao Pedro Gundim",
      "forma_pagamento": "pix",
      "valor": 16.1,
      "caixa_id": "88e3",
      "pagador": "Joao",
      "valor_recebido": null,
      "troco": 0,
      "data": "2025-07-03T14:58:48.111Z"
    },
    {
      "id": "fe00",
      "reserva_id": "ecbc",
      "cliente_nome": "Joao Pedro Gundim",
      "forma_pagamento": "pix",
      "valor": 16.1,
      "caixa_id": "88e3",
      "pagador": "Joao",
      "valor_recebido": null,
      "troco": 0,
      "data": "2025-07-03T15:00:27.881Z"
    },
    {
      "id": "ac64",
      "reserva_id": "ecbc",
      "cliente_nome": "Joao Pedro Gundim",
      "forma_pagamento": "pix",
      "valor": 16.1,
      "caixa_id": "88e3",
      "pagador": "João",
      "valor_recebido": null,
      "troco": 0,
      "data": "2025-07-03T15:00:53.996Z"
    },
    {
      "id": "1b98",
      "reserva_id": "ecbc",
      "forma_pagamento": "dinheiro",
      "valor": 16.1,
      "caixa_id": "88e3",
      "pagador": "Camila",
      "valor_recebido": 50,
      "troco": 33.9,
      "data": "2025-07-03T15:16:56.597Z"
    },
    {
      "id": "a521",
      "reserva_id": "ecbc",
      "forma_pagamento": "pix",
      "valor": 16.1,
      "caixa_id": "88e3",
      "pagador": "Joao",
      "valor_recebido": null,
      "troco": 0,
      "data": "2025-07-03T15:21:00.483Z"
    },
    {
      "id": "42d7",
      "reserva_id": "42d6",
      "cliente_nome": "Ana Lúcia Santos",
      "forma_pagamento": "pix",
      "valor": 8.05,
      "caixa_id": "0286",
      "pagador": "Ana Lucia",
      "valor_recebido": null,
      "troco": 0,
      "data": "2025-07-07T16:04:51.961Z"
    },
    {
      "id": "ad9c",
      "reserva_id": "4604",
      "cliente_nome": "Joao Pedro Gundim",
      "forma_pagamento": "pix",
      "valor": 1500,
      "caixa_id": "88e3",
      "pagador": "João Pedro",
      "valor_recebido": null,
      "troco": 0,
      "data": "2025-07-09T13:36:41.171Z"
    },
    {
      "id": "de47",
      "reserva_id": "3846",
      "cliente_nome": "Ana Lúcia Santos",
      "forma_pagamento": "pix",
      "valor": 240,
      "caixa_id": "88e3",
      "pagador": "Ana Lúcia",
      "valor_recebido": null,
      "troco": 0,
      "data": "2025-07-09T14:05:42.678Z"
    }
  ]
}